{
    "ActionSound": "",
    "AutoUnlock": true,
    "Cards": [
        "{\n    \"UnitsInDeck\": 3,\n    \"Card\": \"repairarmor\"\n}",
        "{\n    \"UnitsInDeck\": 3,\n    \"Card\": \"holyslash\"\n}",
        "{\n    \"UnitsInDeck\": 3,\n    \"Card\": \"flankingstrike\"\n}",
        "{\n    \"UnitsInDeck\": 2,\n    \"Card\": \"guard\"\n}",
        "{\n    \"UnitsInDeck\": 2,\n    \"Card\": \"recklesscharge\"\n}",
        "{\n    \"UnitsInDeck\": 1,\n    \"Card\": \"entrench\"\n}",
        "{\n    \"UnitsInDeck\": 1,\n    \"Card\": \"sufferermaskofpain\"\n}"
    ],
    "ChallengePack0": "guardian",
    "ChallengePack1": "defender",
    "ChallengePack2": "commander",
    "ChallengePack3": "avenger",
    "ChallengePack4": "warlord",
    "ChallengePack5": "swordman",
    "ChallengePack6": "axman",
    "CharacterDescription": "When one must suffer, there is only one person for the job, the person who enjoys suffering more than any other - Sabel.",
    "CharacterDescriptionStrength": "A warrior excelling at taking a beating.",
    "CharacterName": "Sabel",
    "Energy": 1,
    "EnergyTurn": 3,
    "Female": true,
    "FluffOffsetX": 0,
    "FluffOffsetY": 3.40000009536743,
    "HeroClass": "warrior",
    "HeroClassSecondary": "none",
    "HitSound": "",
    "HP": 91,
    "ID": "sufferer",
    "Item": "sufferersuffer",
    "MaxHP": [
        0,
        5,
        5,
        10,
        15
    ],
    "OrderInList": 5,
    "ResistSlashing": 20,
    "ResistBlunt": 10,
    "ResistPiercing": 20,
    "ResistFire": 10,
    "ResistCold": -5,
    "ResistLightning": 0,
    "ResistHoly": 15,
    "ResistShadow": -5,
    "ResistMind": -5,
    "Speed": 15,
    "SpriteBorderLocked": "sabelSilueta",
    "StickerBase": "",
    "StickerAngry": "",
    "StickerIndifferent": "",
    "StickerLove": "",
    "StickerSurprise": "",
    "StickerOffsetX": 0.100000001490116,
    "SubclassName": "Sufferer",
    "Trait0": "sufferertrait0",
    "Trait1A": "sufferertrait1a",
    "Trait1B": "sufferertrait1b",
    "Trait2A": "sufferertrait2a",
    "Trait2B": "sufferertrait2b",
    "Trait3A": "sufferertrait3a",
    "Trait3B": "sufferertrait3b",
    "Trait4A": "sufferertrait4a",
    "Trait4B": "sufferertrait4b",
    "CardsSingularity": [
        "sufferermaskofpain",
        "repairarmor",
        "holyslash",
        "flankingstrike",
        "guard",
        "recklesscharge",
        "entrench",
        "intercept",
        "barricade",
        "rend",
        "maim",
        "cleave",
        "impale",
        "precisestrike",
        "faststrike"
    ]
}